"isbn","title","author","publisher","price","genre","num_pages","pub_cut","stock","author_id","publisher_id"
9780552149518,"The Da Vinci Code","Brown, Dan","Transworld Grp",8,"Crime, Thriller & Adventure",608,0.3,22,"6682fd43-0e3d-4673-916b-d6840b8f83ab","7c9aea3a-28ad-4477-b40f-a7cf0086ffd9"
9780747532743,"Harry Potter and the Philosopher's Stone","Rowling, J. K.","Bloomsbury Grp",7,"Children's Fiction",223,0.25,211,"22f015e3-88bf-4609-a450-212c76dfe708","abeaf76d-2952-4a51-bceb-a0a14f714ddb"
9780747538486,"Harry Potter and the Chamber of Secrets","Rowling, J. K.","Bloomsbury Grp",7,"Children's Fiction",245,0.35,250,"22f015e3-88bf-4609-a450-212c76dfe708","fde380dd-f068-4f37-bcf4-d7eeb8429c1d"
9780552150736,"Angels and Demons","Brown, Dan","Transworld Grp",8,"Crime, Thriller & Adventure",624,0.3,342,"6682fd43-0e3d-4673-916b-d6840b8f83ab","20c31491-5ac2-42e1-9dc3-76cfc888a5e3"
9780747551003,"Harry Potter and the Order of the Phoenix","Rowling, J. K.","Bloomsbury Grp",17,"Children's Fiction",768,0.3,397,"22f015e3-88bf-4609-a450-212c76dfe708","e8c4ae01-2385-4638-b070-495c738dea5d"
9780747581086,"Harry Potter and the Half-blood Prince:Children's Edition","Rowling, J. K.","Bloomsbury Grp",17,"Children's Fiction",608,0.35,376,"22f015e3-88bf-4609-a450-212c76dfe708","689c2d96-8fbb-468a-bbc6-766cdc6b0ed5"
9780747591054,"Harry Potter and the Deathly Hallows","Rowling, J. K.","Bloomsbury Grp",18,"Children's Fiction",608,0.35,331,"22f015e3-88bf-4609-a450-212c76dfe708","1d225964-0cf1-43a2-a3fa-12fba87a77d5"
9780747546290,"Harry Potter and the Prisoner of Azkaban","Rowling, J. K.","Bloomsbury Grp",7,"Children's Fiction",320,0.25,518,"22f015e3-88bf-4609-a450-212c76dfe708","4404450a-5add-42c0-a7e5-1fcb3291e0f3"
9781904233657,"Twilight","Meyer, Stephenie","Little, Brown Book Grp",8,"Young Adult Fiction",464,0.3,325,"d60cc524-b52d-4635-85fc-b7c9e713cade","e120633a-2d12-4cc8-9d3d-9c9ad2638ca6"
9780747550990,"Harry Potter and the Goblet of Fire","Rowling, J. K.","Bloomsbury Grp",9,"Children's Fiction",640,0.25,597,"22f015e3-88bf-4609-a450-212c76dfe708","4e52f8a1-9c7f-4b2f-b96d-b352e8b7199d"
9780552151764,"Deception Point","Brown, Dan","Transworld Grp",8,"Crime, Thriller & Adventure",592,0.4,432,"6682fd43-0e3d-4673-916b-d6840b8f83ab","d387b349-b4af-48aa-bb19-9ebf0bebc1c6"
9781904233886,"New Moon","Meyer, Stephenie","Little, Brown Book Grp",8,"Young Adult Fiction",512,0.2,166,"d60cc524-b52d-4635-85fc-b7c9e713cade","dc8c536e-540c-4921-8adc-6d092255a7da"
9780330457729,"The Lovely Bones","Sebold, Alice","Pan Macmillan Grp",8,"General & Literary Fiction",336,0.2,59,"c838efc2-58c2-4e47-bc76-680536e2a4f8","81940d2f-fb47-4d8b-ad9c-83a4c188e47d"
9780552151696,"Digital Fortress","Brown, Dan","Transworld Grp",8,"Crime, Thriller & Adventure",512,0.4,94,"6682fd43-0e3d-4673-916b-d6840b8f83ab","99b47503-0bd6-4737-86f7-46a7c7113b2f"
9780099450252,"The Curious Incident of the Dog in the Night-time","Haddon, Mark","Random House Grp",8,"General & Literary Fiction",288,0.2,250,"315cf9e5-023a-4eec-8514-41208a215281","350412bc-7662-46f2-a86c-1ec9c5a89f69"
9781904233916,"Eclipse","Meyer, Stephenie","Little, Brown Book Grp",8,"Young Adult Fiction",576,0.4,468,"d60cc524-b52d-4635-85fc-b7c9e713cade","50a5cc0b-5fed-4e5d-a5a2-c11a074349ff"
9781847245458,"The Girl with the Dragon Tattoo:Millennium Trilogy","Larsson, Stieg","Quercus Grp",8,"Crime, Thriller & Adventure",542,0.3,200,"06de1351-e993-4653-afac-205b323541fb","c06bdf5b-7a42-4e17-bb63-898bb1b2c22d"
9780747566533,"The Kite Runner","Hosseini, Khaled","Bloomsbury Grp",8,"General & Literary Fiction",336,0.4,139,"ce25c791-4db2-4064-879a-f67e35df939b","15195f66-6c99-43de-87d5-4483f34feff9"
9780099464464,"The Time Traveler's Wife","Niffenegger, Audrey","Random House Grp",8,"General & Literary Fiction",528,0.25,213,"dcd2e1b2-efbe-4ece-bddd-661e297db17f","bbb9347c-e0a7-45c1-a472-704ff332b588"
9780141017891,"The World According to Clarkson","Clarkson, Jeremy","Penguin Grp",8,"Humour: Collections & General",352,0.3,594,"c4f7ad8f-8ba4-4008-883f-0c362d83cc81","cc20a1b6-daad-46a3-b99d-832bdd6cf8b9"
9780099429791,"Atonement","McEwan, Ian","Random House Grp",8,"General & Literary Fiction",384,0.2,467,"b26c8ca1-e906-4ec4-8255-ee7c92696969","e8f77fb6-9002-47b2-ad8b-403930278a9a"
9780593054277,"The Lost Symbol","Brown, Dan","Transworld Grp",19,"Crime, Thriller & Adventure",528,0.3,23,"6682fd43-0e3d-4673-916b-d6840b8f83ab","d9c3064b-c72a-48f2-8f4c-70f52f1cdbd1"
9780552997041,"Short History of Nearly Everything,A","Bryson, Bill","Transworld Grp",10,"Popular Science",688,0.4,433,"70ba4af2-60c3-4774-93f0-ad136eae2569","5efd2a06-de3e-4e21-bc27-6f8b5e05717f"
9781905654284,"Breaking Dawn","Meyer, Stephenie","Little, Brown Book Grp",15,"Young Adult Fiction",768,0.4,560,"d60cc524-b52d-4635-85fc-b7c9e713cade","ff20d542-0fe0-4f7f-81af-9d216ef4f3e3"
9780747546245,"Harry Potter and the Goblet of Fire","Rowling, J. K.","Bloomsbury Grp",18,"Children's Fiction",503,0.35,25,"22f015e3-88bf-4609-a450-212c76dfe708","d767a261-ed4c-4b8e-9eaf-256c72eb85a1"
9780747591061,"Harry Potter and the Deathly Hallows","Rowling, J. K.","Bloomsbury Grp",18,"Science Fiction & Fantasy",608,0.25,484,"22f015e3-88bf-4609-a450-212c76dfe708","bd879a07-83fb-4a7e-b93f-6051857288a9"
9781849163422,"The Girl Who Played With Fire:Millennium Trilogy","Larsson, Stieg","Quercus Grp",8,"Crime, Thriller & Adventure",576,0.2,161,"06de1351-e993-4653-afac-205b323541fb","55f266f7-6326-474f-ae2e-03f4f16da3ba"
9780752837505,"Child Called It,A","Pelzer, Dave","Orion Grp",7,"Autobiography: General",240,0.3,565,"d1d83b20-142a-4114-aad4-51aae2320c36","af57a6ce-7edb-4882-83b9-5e84b06c289d"
9780349116754,"The No.1 Ladies' Detective Agency:No.1 Ladies' Detective Agency S.","McCall Smith, Alexander","Little, Brown Book Grp",8,"Crime, Thriller & Adventure",240,0.2,459,"05994431-3578-4f3d-b73c-0aa02eab6c32","6ab3685f-dcaa-4d85-bbfe-ea9ad526cd58"
9780718147655,"You are What You Eat:The Plan That Will Change Your Life","McKeith, Gillian","Penguin Grp",15,"Fitness & Diet",224,0.3,244,"ea3b8aae-81b4-4838-bdde-b923262bf265","46e838ff-d883-443e-b892-91f61de48475"
9780006512134,"Man and Boy","Parsons, Tony","HarperCollins Grp",8,"General & Literary Fiction",368,0.2,182,"e266baa8-5566-4e65-aa20-cf30f08f7c84","e059858c-fa35-412e-b093-1903d57a5e77"
9780099387916,"Birdsong","Faulks, Sebastian","Random House Grp",8,"General & Literary Fiction",528,0.35,540,"f3c384a0-7748-4176-8090-372ed4ab47e3","df1f274e-5a30-4e69-a501-f2d1f685ff8d"
9780752877327,"Labyrinth","Mosse, Kate","Orion Grp",8,"General & Literary Fiction",752,0.4,270,"8da25f40-6c3d-47ba-9728-8cf84daecca8","71b62e7d-ac8e-46a9-a847-cb92dc0353cd"
9780755309511,"The Island","Hislop, Victoria","Headline Grp",8,"General & Literary Fiction",496,0.35,111,"a1cf3eb4-3b12-43e1-9874-5aba8d511e0f","12d0abc4-16aa-480f-806e-fdcc82b829fb"
9781841953922,"Life of Pi","Martel, Yann","Canongate Grp",8,"General & Literary Fiction",348,0.3,425,"e6634c06-b598-4d84-a714-3fd94b83ae55","b4803234-0868-42a5-ac69-84745bc219a7"
9780091889487,"Dr. Atkins' New Diet Revolution:The No-hunger, Luxurious Weight Loss P","Atkins, Robert C.","Random House Grp",9,"Fitness & Diet",560,0.4,88,"0e2cb75d-d96e-4302-afa2-971e4e76e6b8","38e24afa-cb7b-46ad-b2d1-96d4d5475586"
9780747599876,"The Tales of Beedle the Bard","Rowling, J. K.","Bloomsbury Grp",7,"Children's Fiction",128,0.35,177,"22f015e3-88bf-4609-a450-212c76dfe708","07facc0c-228d-4c2d-8c6e-0fdaa6faf4fb"
9780749397548,"Captain Corelli's Mandolin","De Bernieres, Louis","Random House Grp",8,"General & Literary Fiction",560,0.2,334,"0b1ac7b9-d3a3-4b40-a0e7-3cf661f1b5f8","4a59c675-50a7-485f-8dff-6dc370113784"
9780563384304,"Delia's How to Cook:(Bk.1) ","Smith, Delia","Random House Grp",20,"Food & Drink: General",240,0.25,15,"2ffd7189-52d4-47eb-9ee7-db93248748fa","ba610705-629a-4fa0-8ffe-5436230506c9"
9780330507417,"The Gruffalo","Donaldson, Julia","Pan Macmillan Grp",6,"Picture Books",32,0.25,226,"34b18757-f1f6-4566-8fc1-2f90ccc9323d","4c77f864-da93-4d17-a80b-817453dd1cc1"
9781861976123,"Eats, Shoots and Leaves:The Zero Tolerance Approach to Punctuation","Truss, Lynne","Profile Books Group",10,"Usage & Writing Guides",224,0.4,528,"02950c57-c36c-45e6-a725-5b1afb153fb9","8aa97619-39a3-447e-bbf0-e83224b3f699"
9780590660549,"Northern Lights:His Dark Materials S.","Pullman, Philip","Scholastic Ltd. Grp",7,"Young Adult Fiction",416,0.3,447,"53df661d-6ceb-4f06-863d-8cdcd6ffd94d","fbeace13-c16f-495f-a128-a8144ffc30a6"
9780755331420,"The Interpretation of Murder","Rubenfeld, Jed","Headline Grp",8,"Crime, Thriller & Adventure",576,0.4,347,"ce5cc161-ad1c-4a9f-8eae-21548733a392","d7c9ab40-1d41-4b7a-8294-ab1094c17486"
9781849162746,"The Girl Who Kicked the Hornets' Nest:Millennium Trilogy","Larsson, Stieg","Quercus Grp",8,"Crime, Thriller & Adventure",656,0.2,49,"06de1351-e993-4653-afac-205b323541fb","c1b4fa27-6e01-40bd-874f-2c498ac49582"
9780330367356,"Bridget Jones: The Edge of Reason","Fielding, Helen","Pan Macmillan Grp",8,"General & Literary Fiction",432,0.3,383,"a065aa2a-ebb2-458c-ae3a-58c3c1792adb","685350e1-9304-49ab-aa0a-1abcb101e351"
9780141020525,"Short History of Tractors in Ukrainian,A","Lewycka, Marina","Penguin Grp",8,"General & Literary Fiction",336,0.3,476,"24c9614c-f98d-4ea2-bbb2-cd4ff0a48a5b","ee85fdfb-dc5a-44ac-9f8b-673161e8516d"
9780722532935,"The Alchemist:A Fable About Following Your Dream","Coelho, Paulo","HarperCollins Grp",8,"General & Literary Fiction",224,0.4,137,"9d88885d-ed0b-4695-9e21-4d41c3571e1e","148f5375-8dd0-4e10-9e4e-11d0734f0ec2"
9780552996006,"Notes from a Small Island","Bryson, Bill","Transworld Grp",9,"Travel Writing",416,0.3,18,"70ba4af2-60c3-4774-93f0-ad136eae2569","8d905370-3e96-42f9-9294-008a6d20bfb9"
9780099487821,"The Boy in the Striped Pyjamas","Boyne, John","Transworld Grp",7,"Young Adult Fiction",224,0.4,586,"9f0e5477-bad5-4b45-948e-77c6c8ed6f2d","0472f829-2480-4dc9-93cc-560fe3a863e4"
9780141011905,"Stupid White Men:...and Other Sorry Excuses for the State of the Natio","Moore, Michael","Penguin Grp",8,"Current Affairs & Issues",320,0.35,229,"4cdbca3c-2321-43e9-b040-1aa4d87e9672","4518198b-f344-4dde-8e5c-ccde84b813b8"
9780718154776,"Jamie's 30-minute Meals","Oliver, Jamie","Penguin Grp",26,"Food & Drink: General",288,0.3,479,"f89d3ef5-73ef-4f42-ac64-8c4b887d6c32","df1311cc-e0a7-44ef-a2d4-69c3bb8da72a"
9780099457169,"The Broker","Grisham, John","Random House Grp",8,"Crime, Thriller & Adventure",480,0.35,361,"8a5896dd-7919-4d07-be71-0fecf31278d8","c2b16894-3d16-49ba-9259-f10d117aed32"
9780330332774,"Bridget Jones's Diary:A Novel","Fielding, Helen","Pan Macmillan Grp",8,"General & Literary Fiction",320,0.35,197,"a065aa2a-ebb2-458c-ae3a-58c3c1792adb","e8736fa6-771f-4487-b2e1-422fa12fd6b8"
9780241003008,"The Very Hungry Caterpillar:The Very Hungry Caterpillar","Carle, Eric","Penguin Grp",6,"Pre-school & Early Learning",32,0.35,25,"df279480-ad63-45b5-a507-5de249a13a75","5867128e-c096-44ca-851d-aec823ab7a9c"
9780747582977,"Thousand Splendid Suns,A","Hosseini, Khaled","Bloomsbury Grp",12,"General & Literary Fiction",384,0.35,247,"ce25c791-4db2-4064-879a-f67e35df939b","c183760f-af59-4713-ae07-effcc48f356e"
9781846051616,"The Sound of Laughter","Kay, Peter","Random House Grp",19,"Autobiography: General",288,0.35,128,"0d023007-791c-4e55-b2cb-32316d519d02","9a6a08a5-a089-4f08-8a17-20e78376cd77"
9780718147709,"Jamie's Italy","Oliver, Jamie","Penguin Grp",25,"National & Regional Cuisine",336,0.2,297,"f89d3ef5-73ef-4f42-ac64-8c4b887d6c32","f12e4177-97ae-4645-bb88-8a554017ebec"
9780755307500,"Small Island","Levy, Andrea","Headline Grp",8,"General & Literary Fiction",560,0.35,213,"35cbe823-670b-428a-9caf-41ceed0d713c","80f79363-5645-4109-b7c2-c16d1ecb1da3"
9780141030142,"The Memory Keeper's Daughter","Edwards, Kim","Penguin Grp",8,"General & Literary Fiction",432,0.3,106,"885375d3-ceea-4cf2-98df-7de9d5ddb8e2","642a633f-9f25-45bf-8af2-444abdb2c589"
9780007110926,"Billy Connolly","Stephenson, Pamela","HarperCollins Grp",9,"Biography: The Arts",432,0.2,418,"80c42907-88f4-4fec-86f2-19f07be1a17a","77e79a7a-bb2a-4b0b-a980-6446be845426"
9780330448444,"The House at Riverton","Morton, Kate","Pan Macmillan Grp",8,"General & Literary Fiction",600,0.25,213,"dc3a4323-f96b-4522-9324-7e4f70b1c9b8","ebc32fa7-545c-4157-87da-bacc0331cae1"
9780747561071,"Harry Potter and the Order of the Phoenix","Rowling, J. K.","Bloomsbury Grp",8,"Children's Fiction",768,0.35,15,"22f015e3-88bf-4609-a450-212c76dfe708","909a3f65-8ae1-4e55-a6c7-280c4248b786"
9780701181840,"Nigella Express","Lawson, Nigella","Random House Grp",25,"Food & Drink: General",400,0.3,106,"743777eb-c0d2-4fcd-bbc2-fce5373db24e","b4ce88c1-6373-41d5-bc19-c9dfc37a84ce"
9780099771517,"Memoirs of a Geisha","Golden, Arthur","Random House Grp",8,"General & Literary Fiction",512,0.2,418,"558ea0cd-0c9b-4305-92fc-9ecb70db9e28","07712aeb-4123-4714-8a97-94abfc804427"
9780563384311,"Delia's How to Cook:(Bk.2) ","Smith, Delia","Random House Grp",20,"Food & Drink: General",256,0.3,569,"2ffd7189-52d4-47eb-9ee7-db93248748fa","ab14e4a4-2067-460b-912f-75f157ba5894"
9780590112895,"The Subtle Knife:His Dark Materials S.","Pullman, Philip","Scholastic Ltd. Grp",7,"Young Adult Fiction",341,0.2,309,"53df661d-6ceb-4f06-863d-8cdcd6ffd94d","31b2ac43-b340-46ec-8d88-a9f4483fa841"
9780718148621,"Jamie's Ministry of Food:Anyone Can Learn to Cook in 24 Hours","Oliver, Jamie","Penguin Grp",25,"Food & Drink: General",360,0.25,233,"f89d3ef5-73ef-4f42-ac64-8c4b887d6c32","ff2529b3-6135-495a-aac7-dfde6e7173d9"
9781904994367,"Guinness World Records 2009:2009","Craig Glenday","Guinness Publisher Group",20,"Encyclopedias & General Reference",288,0.4,197,"f130c7d2-203c-4a12-8ca7-a9d54e0455b4","0bc88020-dad4-4a57-93b5-64aa4903ad27"
9781861978769,"Why Don't Penguins' Feet Freeze?:And 114 Other Questions","Mick O'Hare","Profile Books Group",8,"Popular Science",240,0.2,4,"1255284a-5061-4f93-b306-78893c46545a","5a4db032-418d-415b-bd95-49422514a13b"
9780718152437,"Jamie at Home:Cook Your Way to the Good Life","Oliver, Jamie","Penguin Grp",30,"Food & Drink: General",408,0.3,9,"f89d3ef5-73ef-4f42-ac64-8c4b887d6c32","c16ef800-b3cb-4565-a01d-fb31606eb7c7"
9780140276336,"White Teeth","Smith, Zadie","Penguin Grp",9,"General & Literary Fiction",480,0.4,383,"9b3bd43b-ab1d-48e6-be29-05a62f2e7b63","15c2d5ab-ce73-454f-9c02-279fe4fa5fa0"
9780007156108,"The Devil Wears Prada","Weisberger, Lauren","HarperCollins Grp",8,"General & Literary Fiction",416,0.3,528,"4c93c9b2-10fa-45f6-9554-9d0d1c37b855","221fd74b-e7e1-4209-ae9a-2586c170d3fc"
9780593059258,"At My Mother's Knee ...:and Other Low Joints","O'Grady, Paul","Transworld Grp",19,"Autobiography:  The Arts",352,0.35,443,"270ef6eb-cba4-4edf-a881-970d8ea64b8b","51139ec4-4a1f-42c4-91c7-f57fbbc49206"
9780752893686,"No Time for Goodbye","Barclay, Linwood","Orion Grp",8,"Crime, Thriller & Adventure",448,0.25,321,"d95182b0-add2-4430-afb8-8f658e81f2c6","3a8671e9-90b9-4ce2-b019-360aaa743b50"
9780007207329,"New York Post Sudoku 3: The Official Utterly Addictive Number-Placing Puzzle","Wayne Gould","HarperCollins Grp",6,"Puzzles",176,0.2,239,"f4096b69-4f01-4197-b7dd-891bcf226bb3","ab662634-33ae-432b-a322-9f6ac9574454"
9780552998482,"Chocolat","Harris, Joanne","Transworld Grp",8,"General & Literary Fiction",384,0.4,523,"a51ebeb6-853d-4484-a507-bbea31801b07","841757ad-ea9b-4a85-8143-fbcfa9518d0d"
9780718144395,"The Return of the Naked Chef","Oliver, Jamie","Penguin Grp",20,"Food & Drink: General",288,0.35,465,"f89d3ef5-73ef-4f42-ac64-8c4b887d6c32","c6f25312-98cf-4932-b308-ac2eb41d0a0f"
9780006498407,"Angela's Ashes:A Memoir of a Childhood","McCourt, Frank","HarperCollins Grp",8,"Autobiography: General",432,0.25,75,"0a28971b-61d3-4bf0-b005-92de28b01aec","1530acae-f2bc-4be1-9918-223eb21a5d96"
9780747563204,"Schott's Original Miscellany","Schott, Ben","Bloomsbury Grp",13,"Trivia & Quiz Books",160,0.2,586,"77b9641f-ecd3-4bd4-8e27-a804e76bacd3","1bf422d8-42e5-4c71-9d69-083fb0a91a7b"
9781847670946,"Dreams from My Father:A Story of Race and Inheritance","Obama, Barack","Canongate Grp",9,"Autobiography: Historical, Political & Military",464,0.4,420,"749edc28-289d-4542-b0f1-a25385f4395c","9eafee2e-52ae-4c28-a439-82bd9617487a"
9780007232741,"The Dangerous Book for Boys","Iggulden, Conn & Iggulden, Hal","HarperCollins Grp",20,"Hobbies, Pastimes & Indoor Games",304,0.4,503,"d7bf9c55-9707-4762-b191-17031e29cd20","295a9254-bbfb-4680-aa66-d569c146889f"
9780099419785,"To Kill a Mockingbird","Lee, Harper","Random House Grp",7,"General & Literary Fiction",320,0.25,309,"481ec1c2-2cbb-47ce-9e1f-3c75fc178460","81134082-51b6-46f3-b185-01c9780d2ec1"
9780747581109,"Harry Potter and the Half-blood Prince","Rowling, J. K.","Bloomsbury Grp",17,"Science Fiction & Fantasy",608,0.35,509,"22f015e3-88bf-4609-a450-212c76dfe708","730bd875-02f7-47c0-8673-47b17f0d78f8"
9780099406136,"The Summons","Grisham, John","Random House Grp",8,"Crime, Thriller & Adventure",400,0.3,82,"8a5896dd-7919-4d07-be71-0fecf31278d8","13e3b283-909f-49f0-bf8a-1235e2108540"
9780552149525,"The Lost Symbol","Brown, Dan","Transworld Grp",8,"Crime, Thriller & Adventure",672,0.4,113,"6682fd43-0e3d-4673-916b-d6840b8f83ab","97227c98-01d0-4f05-9039-c476fbad4d86"
9780140237504,"The Catcher in the Rye","Salinger, J.D.","Penguin Grp",9,"General & Literary Fiction",208,0.4,91,"7c9c0a0c-2cc0-4fc5-8255-7073db39a84f","10a12fa0-3e13-4d0e-8158-e2b79417cae6"
9780593050545,"I Can Make You Thin","McKenna, Paul","Transworld Grp",11,"Fitness & Diet",144,0.25,315,"5a47d043-38e7-4e33-a791-34d734420ac4","211edec4-77e2-4b43-8708-12ddeb767305"
9780718144845,"Happy Days with the Naked Chef","Oliver, Jamie","Penguin Grp",20,"Food & Drink: General",320,0.4,329,"f89d3ef5-73ef-4f42-ac64-8c4b887d6c32","921f3c96-811f-4227-8953-e648aa97fab7"
9780552771153,"Brick Lane","Ali, Monica","Transworld Grp",8,"General & Literary Fiction",496,0.25,97,"eb42bcbe-a606-4929-9faa-e698d369838f","f619042f-afec-46ed-9fff-e3289225b790"
9780141019376,"Anybody Out There?","Keyes, Marian","Penguin Grp",8,"General & Literary Fiction",608,0.4,239,"930cfe46-338c-4c2e-94e7-9447f9afad54","a2e4713a-be58-4633-b8f8-19d57247324b"
9780552772747,"The Undomestic Goddess","Kinsella, Sophie","Transworld Grp",8,"General & Literary Fiction",416,0.4,212,"ef7fc14e-b17e-43f0-91ff-91c43393827e","2a35febc-443c-45d0-9eb9-1f5e1a2fad6a"
9780552773898,"The Book Thief","Zusak, Markus","Transworld Grp",8,"General & Literary Fiction",560,0.3,53,"2e8f5d25-41d3-447f-93bd-4935b11c8772","7d31c9ef-d617-437a-be8f-f6760e12ffa7"
9780141022925,"I Know You Got Soul","Clarkson, Jeremy","Penguin Grp",8,"Transport: General",288,0.25,131,"c4f7ad8f-8ba4-4008-883f-0c362d83cc81","5da77214-fde2-4a53-abe1-5e90485e7da7"
9780316731317,"Sharon Osbourne Extreme:My Autobiography","Osbourne, Sharon","Little, Brown Book Grp",19,"Autobiography:  The Arts",384,0.25,419,"2730182d-d044-45db-b6a6-f1e28527702d","b0c214c2-5b4e-4263-87e4-193717f609f7"
9781904994497,"Guinness World Records 2010","Craig Glenday","Guinness Publisher Group",20,"Encyclopedias & General Reference",287,0.4,167,"f130c7d2-203c-4a12-8ca7-a9d54e0455b4","870ce620-a7fb-45d8-843d-d8e7054202ae"
9780439993586,"The Amber Spyglass:His Dark Materials S.","Pullman, Philip","Scholastic Ltd. Grp",7,"Young Adult Fiction",560,0.3,262,"53df661d-6ceb-4f06-863d-8cdcd6ffd94d","9f03194b-e7af-4abb-86cd-cc901036fdb3"
9780552771108,"Can You Keep a Secret?","Kinsella, Sophie","Transworld Grp",8,"General & Literary Fiction",384,0.2,255,"ef7fc14e-b17e-43f0-91ff-91c43393827e","762be795-49bf-43a5-b0dd-4f63c0160ffe"
9780552997034,"Down Under","Bryson, Bill","Transworld Grp",9,"Travel Writing",432,0.3,529,"70ba4af2-60c3-4774-93f0-ad136eae2569","4983a49b-8197-40b6-9693-9f64f77296dd"
9780099506928,"Spot of Bother,A","Haddon, Mark","Random House Grp",8,"General & Literary Fiction",512,0.2,208,"315cf9e5-023a-4eec-8514-41208a215281","b9b478f5-5b07-4342-8238-538961d6e495"
9781846053443,"Dear Fatty","French, Dawn","Random House Grp",19,"Autobiography:  The Arts",384,0.3,569,"a03eb5cd-9683-47f1-b80b-1138d3a73826","f8b076aa-1b07-4659-8c1a-28b85f906a5c"
